SELECT respectsAccountPattern( '1234', '1234', '1234567890' ) AS ok;
ok
1
SELECT respectsAccountPattern( '1234', '123A', '1234567890' ) AS ok;
ok
0
SELECT respectsAccountPattern( '', '', '' ) AS ok;
ok
0
